victocon;Oconnor;Victor;QFA65PUR4CC;Oconnor.Victor@closear.com
paulbond;Bond;Paula;BNO67PWR2ZW;Bond.Paula@brutari.com
charloga;Logan;Charissa;XCF06EWW1CZ;Logan.Charissa@autonsio.com
patrmaxw;Maxwell;Patrick;UXP55JOC7FI;Maxwell.Patrick@newsqua.com
kaseston;Stone;Kaseem;RZD46LZT1OQ;Stone.Kaseem@crettono.com
aprihoov;Hoover;April;ETO27FME1YK;Hoover.April@secotu.com
caroberg;Berg;Carol;VME08LHC1DB;Berg.Carol@inestota.com
ursaalli;Allison;Ursa;UAJ85RVU0YT;Allison.Ursa@garellig.com
edenmart;Martinez;Eden;AVD58VLX7RP;Martinez.Eden@abarch.com
kaitgrim;Grimes;Kaitlin;GDD69PJU4WK;Grimes.Kaitlin@osellte.com
tashbrow;Brown;TaShya;WCI32QFD1ON;Brown.TaShya@inestota.com
hadlpott;Potts;Hadley;UQV08VIK8NY;Potts.Hadley@abarch.com
rudybarn;Barnes;Rudyard;IFM75KXV5BM;Barnes.Rudyard@garellig.com
damoherr;Herring;Damon;MWF34QOM5BK;Herring.Damon@outhive.com
wadegay;Gay;Wade;ASU04OHE6CA;Gay.Wade@stershib.com
pipecant;Cantrell;Piper;WDZ99SPH7AG;Cantrell.Piper@dulere.com
adrihard;Hardy;Adria;EYP48XLR7BC;Hardy.Adria@closear.com
forrdick;Dickson;Forrest;HZV20GKR1DC;Dickson.Forrest@diagmite.com
kiarashl;Ashley;Kiara;JIF09QCL3CR;Ashley.Kiara@apsendin.com
kitrhayn;Haynes;Kitra;ANI00FHM1US;Haynes.Kitra@menterci.com
scarbear;Beard;Scarlet;QXB22NSN1KU;Beard.Scarlet@jabbubiz.com
wangbent;Benton;Wang;TOO12CRU7WN;Benton.Wang@anceno.com
adelmann;Manning;Adele;BZS71GJW5NX;Manning.Adele@benzison.com
marilync;Lynch;Mari;AUQ45PAY4MK;Lynch.Mari@stershib.com
loisonei;Oneil;Lois;FHQ75XZW7UF;Oneil.Lois@spoerpt.com
shaevela;Velazquez;Shaeleigh;OKX77VDZ9XB;Velazquez.Shaeleigh@calcura.com
regipayn;Payne;Regina;AVU27OJW0AB;Payne.Regina@anceno.com
sonibenj;Benjamin;Sonia;DLY22NCL1DH;Benjamin.Sonia@telleror.com
magealst;Alston;Magee;BUU44PLP6UD;Alston.Magee@stershib.com
alirich;Richard;Ali;MKT87UKO2UJ;Richard.Ali@conver.com
sylvguti;Gutierrez;Sylvester;DAH34ZYN3NC;Gutierrez.Sylvester@prevonet.com
megamerr;Merritt;Megan;LZL33EGI7TK;Merritt.Megan@calcura.com
taricast;Castro;Tarik;AUG47OBN5RT;Castro.Tarik@imonenty.com
callgoff;Goff;Callum;LUW80WWX3RI;Goff.Callum@calcura.com
dailind;Lindsey;Dai;ITW79BDJ8RP;Lindsey.Dai@buehler.com
faymatt;Matthews;Fay;NDE28EXW7UE;Matthews.Fay@anceno.com
lawrjaco;Jacobson;Lawrence;EGM23KPE7BL;Jacobson.Lawrence@inestota.com
helefloy;Floyd;Helen;KWJ57AGW0XC;Floyd.Helen@buehler.com
scott;Tiger;Scott;tiger;scott.tiger@acme.com
bryncoll;Collier;Brynne;PGZ43JMW9LU;Collier.Brynne@stinnel.com
robehoga;Hogan;Robert;WTV49DDA0DI;Hogan.Robert@inestota.com
bretbent;Benton;Brett;SEC31UGF8HU;Benton.Brett@autonsio.com
gailjenn;Jennings;Gail;YLE02IMM3ZD;Jennings.Gail@gonger.com
bianhort;Horton;Bianca;TTL16ICZ9WF;Horton.Bianca@apsendin.com
rossswan;Swanson;Ross;PXI86YMC0MF;Swanson.Ross@garellig.com
ariehayn;Haynes;Ariel;QKE59KDB6JN;Haynes.Ariel@autonsio.com
glenmccl;Mcclain;Glenna;YIK81EFK4IQ;Mcclain.Glenna@autonsio.com
noahmalo;Malone;Noah;KIN75QXH7TB;Malone.Noah@crettono.com
clarmull;Mullins;Clare;GTP27EBA7LC;Mullins.Clare@prevonet.com
roansaun;Saunders;Roanna;DEM17CFS3FN;Saunders.Roanna@crettono.com
martratl;Ratliff;Martin;MIS85NRJ1DO;Ratliff.Martin@conver.com
ziapowe;Powers;Zia;JQS53APD5YI;Powers.Zia@menterci.com
chadcham;Chambers;Chadwick;HFQ19TXV5PO;Chambers.Chadwick@anceno.com
jinpate;Pate;Jin;CMI82KDX5QS;Pate.Jin@brutari.com
adamvanc;Vance;Adam;XMQ06WIL3SZ;Vance.Adam@newsqua.com
chanmort;Morton;Channing;DQU45JCD5MV;Morton.Channing@calcura.com
desijuar;Juarez;Desiree;HFQ78UZU9TM;Juarez.Desiree@trumper.com
kiarewin;Ewing;Kiara;ANL90EDV1SK;Ewing.Kiara@jabbubiz.com
megaschr;Schroeder;Megan;NID79HHO7XI;Schroeder.Megan@telleror.com
sylvroth;Roth;Sylvia;VIW48TQS6UT;Roth.Sylvia@newsqua.com
quinrich;Rich;Quintessa;OSN78XTG3GP;Rich.Quintessa@conver.com
nelldani;Daniels;Nell;JNP04VGI9XK;Daniels.Nell@mantysby.com
troyvinc;Vincent;Troy;POF04BPQ6QF;Vincent.Troy@conver.com
vaughaye;Hayes;Vaughan;XKC51XKW0JC;Hayes.Vaughan@dulere.com
conahans;Hansen;Conan;TEW37YYZ7PW;Hansen.Conan@brutari.com
shayrodr;Rodriquez;Shay;ZMZ95TMH5DK;Rodriquez.Shay@stinnel.com
avaluna;Luna;Ava;EKF50ZET3DD;Luna.Ava@trumper.com
vedagall;Galloway;Veda;YYK68LAV0VU;Galloway.Veda@abarch.com
alanparr;Parrish;Alan;AEP72BNS9NX;Parrish.Alan@dalepo.com
wyatclar;Clark;Wyatt;NVB64TVG8FW;Clark.Wyatt@myoloso.com
marstorr;Torres;Marshall;TUD70VEA9DE;Torres.Marshall@menterci.com
tatymann;Manning;Tatyana;DUH27SQD4VY;Manning.Tatyana@natawi.com
althmccr;Mccray;Althea;NDQ73WZO6MJ;Mccray.Althea@natawi.com
ralprich;Richard;Ralph;SRS23IHQ9TN;Richard.Ralph@mantysby.com
roanorti;Ortiz;Roanna;SMF37IPU8XE;Ortiz.Roanna@anceno.com
joypool;Poole;Joy;RFV75KUV8BH;Poole.Joy@newish.com
carlfinl;Finley;Carla;ENI39SVW3AF;Finley.Carla@myoloso.com
allehale;Hale;Allen;WDK75PFA1KM;Hale.Allen@brutari.com
chanmoon;Mooney;Chantale;PWM55JJM1AC;Mooney.Chantale@newish.com
cadetrev;Trevino;Cade;MIP09EPU7IW;Trevino.Cade@stershib.com
edenclem;Clemons;Eden;RIZ12PFG1QN;Clemons.Eden@trumper.com
courkidd;Kidd;Courtney;CTC75PEL7YR;Kidd.Courtney@diagmite.com
casspayn;Payne;Cassidy;GJI04FJO7BK;Payne.Cassidy@dalepo.com
joelturn;Turner;Joel;SBU08VRY1EV;Turner.Joel@newish.com
wyomshep;Shepherd;Wyoming;KNJ61YJD1WZ;Shepherd.Wyoming@arental.com
sashhanc;Hancock;Sasha;MFB48WLM6SI;Hancock.Sasha@brutari.com
debrchas;Chase;Debra;YHT39OKZ9YS;Chase.Debra@solfata.com
paulrive;Rivera;Paul;RQN65XNJ6CB;Rivera.Paul@natawi.com
marydela;Delacruz;Maryam;EHT45MXK0LG;Delacruz.Maryam@crettono.com
katomcke;Mckenzie;Kato;WGD71FFU4MX;Mckenzie.Kato@buehler.com
grayhowa;Howard;Gray;UZN20FQA0BX;Howard.Gray@calcura.com
jolesear;Sears;Jolene;UVL37ZMX8HG;Sears.Jolene@arental.com
marnphel;Phelps;Marny;LAI51HIC5EC;Phelps.Marny@imonenty.com
oceamass;Massey;Ocean;ZPX80VFV9MX;Massey.Ocean@closear.com
grayrile;Riley;Gray;VIU69XGJ2NZ;Riley.Gray@dalepo.com
ebonwilk;Wilkinson;Ebony;IDP98EJY7AJ;Wilkinson.Ebony@outhive.com
currmont;Montoya;Curran;WXJ42NTF5XP;Montoya.Curran@harnat.com
meremath;Mathews;Meredith;UXT09DNZ0PJ;Mathews.Meredith@abarch.com
katovarg;Vargas;Kato;QAX98AMB8XC;Vargas.Kato@beelle.com
jarrschu;Schultz;Jarrod;FRQ12JVT8TH;Schultz.Jarrod@brutari.com
kevyguti;Gutierrez;Kevyn;IHC19LYV8IV;Gutierrez.Kevyn@autonsio.com
